session_id,participant_id,status,started_datetime,completed_date_time,time_taken,age,num_approvals,num_rejections,prolific_score,reviewed_at_datetime,entered_code,Country of Birth,Current Country of Residence,Employment Status,First Language,Nationality,Sex,Student Status
5e9cf7cf027332231a18e75e,5e9ce99a8035dd1cf6b23aa7,AWAITING REVIEW,2020-04-20 1:16:04,2020-04-20 1:42:00,1555.767,19,0,0,100,,34AE75B1,Poland,,Part-Time,Polish,Poland,Male,Yes
5e9cf80d2ab21322dec92475,5e9ce901a746bc21794c1cde,AWAITING REVIEW,2020-04-20 1:17:08,2020-04-20 1:44:50,1661.764,27,0,0,100,,34AE75B1,United States,United States,Full-Time,English,United States,Female,No
5e9d00ad172c7e2392ead5bc,5ba5a93f38803d000126567d,AWAITING REVIEW,2020-04-20 1:53:53,2020-04-20 2:36:22,2549.349,33,111,0,100,,34AE75B1,Chile,Chile,Other,Spanish,Chile,Female,No
5e9d01286976671eab534703,5c4271f51b4bf300018b0920,AWAITING REVIEW,2020-04-20 1:55:53,2020-04-20 2:21:26,1533.096,19,114,4,97,,34AE75B1,Portugal,Portugal,"Not in paid work (e.g. homemaker', 'retired or disabled)",Portuguese,Portugal,Male,Yes
5e9d0150b46e261ebf6106be,5e9be48c8bab2c0fb2fe4d39,AWAITING REVIEW,2020-04-20 1:56:38,2020-04-20 2:23:51,1633.091,37,0,0,100,,34AE75B1,United Kingdom,Canada,Full-Time,English,Canada,Male,Yes
5e9d015e0f475922b7379cd3,5d82852ae7a57100011a6122,AWAITING REVIEW,2020-04-20 1:56:48,2020-04-20 2:18:50,1322.923,19,33,0,100,,34AE75B1,Portugal,Portugal,Unemployed (and job seeking),Portuguese,Portugal,Male,No
5e9d01719daa3f235ff92188,5e9c853dcb10b71afe4035f3,AWAITING REVIEW,2020-04-20 1:57:08,2020-04-20 2:21:36,1467.734,24,0,0,100,,34AE75B1,India,Canada,Part-Time,Hindi,Canada,Male,Yes
5e9d0bc7b46e261f1327e63c,5e9d05aab46e261ebf6106c6,AWAITING REVIEW,2020-04-20 2:41:15,2020-04-20 3:02:18,1262.438,22,0,0,100,,34AE75B1,United States,United States,Unemployed (and job seeking),Chinese,United States,Female,Yes
5e9d0bdc56b31c23d9d5332a,5e9cf75b0e7d2121cd33e1fd,AWAITING REVIEW,2020-04-20 2:41:36,2020-04-20 3:10:35,1738.757,28,0,0,100,,34AE75B1,United States,United States,Full-Time,English,United States,Female,Yes
5e9d0c3e8f221424683b83be,5e9b0ea3c99dc20008ede88e,AWAITING REVIEW,2020-04-20 2:43:10,2020-04-20 3:55:05,4315.147,19,0,0,100,,34AE75B1,,,,,,,
5e9d0ca0687af22479fa7f0b,5e9bf01f1c2490104b3f60ff,AWAITING REVIEW,2020-04-20 2:44:53,2020-04-20 3:43:34,3521.142,28,0,0,100,,34AE75B1,,Mexico,,Spanish,,,
5e9d0cb8e09b9623fd5d49f4,5e9d01036ee4bf228f10547a,AWAITING REVIEW,2020-04-20 2:45:23,2020-04-20 3:17:17,1914.677,23,0,0,100,,34AE75B1,United States,United States,Part-Time,English,United States,Female,Yes
5e9d0cbf6698821f018e7206,5e9c849fb7e3501af2c4e655,AWAITING REVIEW,2020-04-20 2:45:33,2020-04-20 3:52:07,3993.802,19,0,0,100,,34AE75B1,United States,United States,Unemployed (and job seeking),English,United States,Male,Yes
5e9d0d1cd5b083247191e6be,5e9cfde977008723ec85506c,AWAITING REVIEW,2020-04-20 2:49:04,2020-04-20 3:18:43,1778.951,32,0,0,100,,34AE75B1,United States,United States,Full-Time,English,United States,Male,No
5e9d0d56b5e15c241bef5a95,5e9d009318d39b2339c483a4,AWAITING REVIEW,2020-04-20 2:48:19,2020-04-20 3:30:18,2518.53,19,0,0,100,,34AE75B1,Lebanon,,Part-Time,English,Australia,Male,Yes
5e9d1dc62b6b2e24d6792093,5b3d32794915d00001827df7,AWAITING REVIEW,2020-04-20 3:58:24,2020-04-20 4:26:22,1677.958,20,139,0,100,,34AE75B1,Poland,Poland,Part-Time,Polish,Poland,Male,Yes
5e9d1dd90f475924e02d7316,5db508259ca75a000d583b9a,AWAITING REVIEW,2020-04-20 3:58:17,2020-04-20 4:31:37,1999.666,18,44,0,100,,34AE75B1,Canada,Canada,Unemployed (and job seeking),English,Canada,Female,Yes
5e9d1df256b31c2493a33c91,565955077d6957000adfe029,AWAITING REVIEW,2020-04-20 3:58:56,2020-04-20 4:44:57,2760.789,24,29,0,100,,34AE75B1,United States,United States,Full-Time,English,United States,Female,Yes
5e9d1e015e1ac52515807c42,5c0ed000fd0c0a0001f881ea,AWAITING REVIEW,2020-04-20 3:59:26,2020-04-20 4:53:21,3234.958,41,99,0,100,,34AE75B1,Belarus,Israel,Full-Time,Russian,Israel,Female,No
5e9d1e0c18d39b2511be1b11,5db207ca8bc3c5000bda4172,AWAITING REVIEW,2020-04-20 3:59:30,2020-04-20 4:25:54,1584.192,22,34,0,100,,34AE75B1,Poland,Poland,Unemployed (and job seeking),Polish,Poland,Male,Yes
5e9d1e0da4937d255023ee71,5c808557e07cd1001628cd77,AWAITING REVIEW,2020-04-20 3:59:16,2020-04-20 4:47:11,2874.749,30,84,1,100,,34AE75B1,Chile,Chile,Unemployed (and job seeking),Spanish,Chile,Female,No
5e9d1e114f816625f6809d66,5d159d0a8078020016aa60b9,AWAITING REVIEW,2020-04-20 3:59:14,2020-04-20 4:27:11,1677.627,24,70,1,100,,34AE75B1,Chile,Chile,Part-Time,Spanish,Chile,Male,Yes
5e9d1e12b9672e25662818eb,5c039076c96fdb0001910ed1,AWAITING REVIEW,2020-04-20 3:59:27,2020-04-20 4:30:45,1878.099,27,66,0,100,,34AE75B1,Australia,Australia,Full-Time,English,Lebanon,Male,No
5e9d1e203a47a425d9e4741c,5e4463b147cc252f05f4f2f6,AWAITING REVIEW,2020-04-20 3:59:28,2020-04-20 4:52:37,3188.481,27,25,1,97,,34AE75B1,France,France,Full-Time,French,France,Male,No
5e9d21d3124349248920c48f,5e7f9fd137169a6887857505,AWAITING REVIEW,2020-04-20 4:15:15,2020-04-20 4:48:06,1970.891,21,10,0,100,,34AE75B1,Chile,Chile,Unemployed (and job seeking),Spanish,Chile,Male,Yes
5e9d21dc8096a124ca46ae5c,5e84b97d70750d0786c6a05a,AWAITING REVIEW,2020-04-20 4:15:24,2020-04-20 4:40:17,1493.077,21,7,0,100,,34AE75B1,Portugal,Portugal,Unemployed (and job seeking),Portuguese,Portugal,Male,Yes
5e9d2b8eb3c35c258cec5055,58cd9587334d5b0001d64b02,AWAITING REVIEW,2020-04-20 4:57:03,2020-04-20 5:25:53,1730.308,24,148,1,100,,34AE75B1,Jordan,Germany,Part-Time,Arabic,Jordan,Male,Yes
5e9d2b9a8f22142579e3a81c,5c3e9912a301700001b71a35,AWAITING REVIEW,2020-04-20 4:57:06,2020-04-20 5:18:47,1300.495,22,183,2,100,,34AE75B1,United Kingdom,United Kingdom,"Not in paid work (e.g. homemaker', 'retired or disabled)",English,United Kingdom,Male,No
5e9d2ba1778159250356ad27,5a216a08681a240001ff4071,AWAITING REVIEW,2020-04-20 4:57:09,2020-04-20 5:38:22,2472.728,26,25,0,100,,34AE75B1,Korea,Canada,Unemployed (and job seeking),Korean,Korea,Female,No
5e9d2ba10e7d2125495aea2e,5d8d03a1704e2300160ec8a6,AWAITING REVIEW,2020-04-20 4:57:18,2020-04-20 5:34:43,2244.566,28,52,0,100,,34AE75B1,Greece,Greece,Unemployed (and job seeking),Greek,Greece,Female,Yes
5e9d2ba4fb04e520ecde9c2c,5c5d27d700b69200011bc192,AWAITING REVIEW,2020-04-20 4:57:12,2020-04-20 5:16:31,1159.104,19,129,1,100,,34AE75B1,United States,United States,Unemployed (and job seeking),English,United States,Male,Yes
5e9d2ba9fb04e521400ab18b,5d89d199b97096000113dbd7,AWAITING REVIEW,2020-04-20 4:57:14,2020-04-20 5:39:00,2506.847,27,93,0,100,,34AE75B1,Mexico,Mexico,Full-Time,Spanish,Mexico,Female,Yes
5e9d2bab752af625820d2049,5c4271f51b4bf300018b0920,AWAITING REVIEW,2020-04-20 4:57:16,2020-04-20 5:16:33,1156.802,19,114,4,97,,34AE75B1,Portugal,Portugal,"Not in paid work (e.g. homemaker', 'retired or disabled)",Portuguese,Portugal,Male,Yes
5e9d2bacf06bc7247fc08ff1,5e84f93fef44ba0d50fdc8c7,AWAITING REVIEW,2020-04-20 4:57:23,2020-04-20 5:30:33,1989.121,34,3,0,100,,34AE75B1,Poland,Poland,Full-Time,Polish,Poland,Male,No
5e9d2cb08a23ac26018648b4,5e687fc5651f7d1259eac113,AWAITING REVIEW,2020-04-20 5:01:55,2020-04-20 5:46:27,2671.129,26,22,0,100,,34AE75B1,Canada,Canada,Part-Time,English,Canada,Male,Yes
5e9d33f7847bd12593ad95b0,5d718f211742e10017d5fc94,AWAITING REVIEW,2020-04-20 5:32:40,2020-04-20 6:27:36,3295.758,18,76,0,100,,34AE75B1,Chile,Chile,Unemployed (and job seeking),Spanish,Chile,Male,Yes
5e9d33f9146d59267c208a45,5e3e11a36a0b8a000c609d5e,AWAITING REVIEW,2020-04-20 5:32:41,2020-04-20 6:07:48,2106.94,31,40,0,100,,34AE75B1,Mexico,Mexico,Full-Time,Spanish,Mexico,Male,No
5e9d33f9ae168621a5fe2db5,5c878fa0a3413000165878a9,AWAITING REVIEW,2020-04-20 5:32:49,2020-04-20 5:53:07,1217.328,31,126,2,99,,34AE75B1,Australia,New Zealand,Full-Time,English,Australia,Male,No
5e9d34029a706b26334ba3e7,5e541f4f6567b5423b7808c5,AWAITING REVIEW,2020-04-20 5:36:04,2020-04-20 6:19:09,2585.478,23,25,0,100,,34AE75B1,Albania,Greece,Other,Greek,Greece,Male,Yes
5e9d34054fba22253eb826b7,5e445abe3641532e49d34fc8,AWAITING REVIEW,2020-04-20 5:34:00,2020-04-20 6:37:24,3803.87,19,28,1,100,,34AE75B1,Poland,,Part-Time,Polish,Poland,Male,Yes
5e9d34f6eca6042685062715,5e793ab51aff8103623757be,AWAITING REVIEW,2020-04-20 5:36:59,2020-04-20 6:05:12,1693.119,21,10,1,87,,34AE75B1,Philippines,Australia,Unemployed (and job seeking),Tagalog-Filipino,Philippines,Female,Yes
5e9d3f2c035d9026d6387407,5e68691662358c10f5adb901,AWAITING REVIEW,2020-04-20 6:20:29,2020-04-20 6:56:30,2161.609,36,29,0,100,,34AE75B1,Canada,Canada,Part-Time,English,Canada,Male,No
5e9d3f2da5f6642711b819c1,5e6714b93b1ae14a8f4bce8e,AWAITING REVIEW,2020-04-20 6:20:29,2020-04-20 7:04:13,2623.699,29,33,0,100,,34AE75B1,Hong Kong,United Kingdom,"Not in paid work (e.g. homemaker', 'retired or disabled)",Chinese,Hong Kong,Male,No
5e9d3f2ed2c58526547cbc6b,5cd74735c78b7d0001f9b364,AWAITING REVIEW,2020-04-20 6:20:30,2020-04-20 7:09:02,2912.006,28,156,0,100,,34AE75B1,Italy,Spain,Full-Time,Italian,Italy,Male,No
5e9d3f2f53d794266f835005,5c955419bd4bd9001995fa47,AWAITING REVIEW,2020-04-20 6:20:41,2020-04-20 7:10:07,2965.954,41,125,2,99,,34AE75B1,Denmark,Denmark,Full-Time,Danish,Denmark,Male,No
5e9d3f311c249026fed56145,5d6ff13f0fbfc50018f710fc,AWAITING REVIEW,2020-04-20 6:21:00,2020-04-20 6:49:38,1717.565,19,50,1,100,,34AE75B1,Italy,Italy,Part-Time,Italian,Italy,Male,Yes
5e9d3f34d0615e2597464423,5bd639e24b4f9e0001135cc6,AWAITING REVIEW,2020-04-20 6:20:37,2020-04-20 7:02:47,2529.722,24,70,0,100,,34AE75B1,India,United States,Full-Time,English,India,Male,Yes
5e9d3f369fb53d21ff952449,5e9bd991b7e3500ebc3028b8,AWAITING REVIEW,2020-04-20 6:20:43,2020-04-20 6:48:58,1694.996,23,1,0,100,,34AE75B1,United States,United States,Part-Time,English,United States,Male,Yes
5e9d3f392fb61625fb3fe995,589b7f625e63bf00013b2e5a,AWAITING REVIEW,2020-04-20 6:20:53,2020-04-20 6:51:52,1859.029,31,218,2,100,,34AE75B1,Poland,Poland,Part-Time,Polish,Poland,Male,No
5e9d430a4f816627788af1c4,5e9bb7be6fe8620cd407d2a9,AWAITING REVIEW,2020-04-20 6:36:59,2020-04-20 7:11:02,2043.372,25,0,0,100,,34AE75B1,Chile,Chile,Other,Spanish,Chile,Male,Yes
5e9d4ba087010300088971f7,5d7df958cb6cf00001399929,AWAITING REVIEW,2020-04-20 7:13:36,2020-04-20 7:49:03,2127.383,39,76,0,100,,34AE75B1,Hungary,Hungary,Full-Time,Hungarian,Hungary,Male,No
5e9d4ba05eb4e327ff7e51ff,5dc18d07b98b120f0666da6f,AWAITING REVIEW,2020-04-20 7:13:36,2020-04-20 8:04:57,3081.137,28,83,0,100,,34AE75B1,Sweden,Sweden,Unemployed (and job seeking),Swedish,Sweden,Male,No
5e9d4ba1f204cc27ae89820c,5d99be023fdbbd00181f6548,AWAITING REVIEW,2020-04-20 7:13:37,2020-04-20 7:50:31,2214.384,20,99,0,100,,34AE75B1,Italy,Italy,Other,Italian,Italy,Male,Yes
5e9d4ba29c92c5278653ba9f,5c3f4df3c2d0b700017ce9a7,AWAITING REVIEW,2020-04-20 7:13:43,2020-04-20 7:49:40,2157.732,45,63,0,100,,34AE75B1,United Kingdom,United Kingdom,Full-Time,English,United Kingdom,Female,Yes
5e9d4ba4048d7727854d398b,5e30576c27c0aa02884d92d9,AWAITING REVIEW,2020-04-20 7:13:43,2020-04-20 7:35:47,1324.697,22,29,0,100,,34AE75B1,Italy,Italy,Part-Time,Italian,Italy,Male,Yes
5e9d4ba650f8312782e5b76a,5c57c0dad3cc6b0001d9f27a,AWAITING REVIEW,2020-04-20 7:13:57,2020-04-20 7:51:48,2271.026,22,158,0,100,,34AE75B1,Canada,Canada,Unemployed (and job seeking),English,Canada,Female,No
5e9d4ba766988222dbdca60b,5dd19e633269922102035292,AWAITING REVIEW,2020-04-20 7:18:45,2020-04-20 7:54:09,2124.09,43,40,0,100,,34AE75B1,United Kingdom,United Kingdom,Part-Time,English,United Kingdom,Female,Yes
5e9d4ba7465a3427d61f4815,5d70d5b4e69f1f0017ff6813,AWAITING REVIEW,2020-04-20 7:13:44,2020-04-20 8:02:15,2911.484,37,64,0,100,,34AE75B1,Spain,Spain,Part-Time,Spanish,Spain,Male,No
5e9d4ba718d39b279d48ffed,5dd3fd76b48da33ea5a00fb4,AWAITING REVIEW,2020-04-20 7:14:04,2020-04-20 7:49:19,2114.446,39,50,1,100,,34AE75B1,Spain,Spain,Full-Time,Spanish,Spain,Male,No
5e9d4bab9a706b27a96a25cd,5c62fb7c0ee07c00012604f8,AWAITING REVIEW,2020-04-20 7:16:19,2020-04-20 7:50:12,2033.059,24,153,0,100,,34AE75B1,Poland,Poland,Full-Time,Polish,Poland,Male,Yes
5e9d4baf7473ca280d0d0807,5dce6f1024a02c0e316511fb,AWAITING REVIEW,2020-04-20 7:13:51,2020-04-20 7:54:36,2444.254,36,49,1,100,,34AE75B1,Poland,Poland,Full-Time,English,Poland,Male,No
5e9d4bb05eb4e327ff7e5200,5e983c4c0b62cc025e52ab70,AWAITING REVIEW,2020-04-20 7:14:03,2020-04-20 7:44:50,1847.046,26,2,0,100,,34AE75B1,United Kingdom,,Full-Time,English,United Kingdom,Male,No
5e9d4bf1cd05002827a3cf7f,5e8b0faa3d71b07b69ef26f4,AWAITING REVIEW,2020-04-20 7:14:57,2020-04-20 8:16:23,3685.507,20,5,0,100,,34AE75B1,Poland,Poland,Full-Time,Polish,Poland,Male,No
5e9d4c4ef925dd286dfa3bff,5e2ef6fc447122020596138c,AWAITING REVIEW,2020-04-20 7:16:50,2020-04-20 7:43:18,1588.231,24,7,0,100,,34AE75B1,Netherlands,Netherlands,Part-Time,Dutch,Netherlands,Female,Yes
5e9d4c7693295f26dab70a6a,5e175ec08e55e10643ad375c,AWAITING REVIEW,2020-04-20 7:17:11,2020-04-20 8:10:32,3201.369,22,39,0,100,,34AE75B1,Greece,Greece,Part-Time,Greek,Greece,Male,Yes
5e9d558a2b4863000945d275,5e0bb9a44f849e3d5bb8ffe1,AWAITING REVIEW,2020-04-20 7:55:54,2020-04-20 8:11:35,940.561,19,46,0,100,,34AE75B1,Italy,Italy,Unemployed (and job seeking),Italian,Italy,Male,Yes
5e9d558e7faa1a000b1ec238,5c04da7f29abc00001996351,AWAITING REVIEW,2020-04-20 7:57:08,2020-04-20 8:32:42,2133.365,22,145,1,100,,34AE75B1,Australia,Australia,Part-Time,English,Australia,Male,Yes
5e9d5593937bc1000a5c281b,5dea61dd63c57917e8e02197,AWAITING REVIEW,2020-04-20 7:57:17,2020-04-20 9:03:04,3946.787,22,24,1,96,,34AE75B1,Egypt,,Other,Arabic,Egypt,Male,Yes
5e9d5594bee0af000a14b94b,5e52ac8280cd092b57567f89,AWAITING REVIEW,2020-04-20 7:56:20,2020-04-20 8:22:35,1574.107,19,15,0,100,,34AE75B1,Spain,Spain,"Not in paid work (e.g. homemaker', 'retired or disabled)",Catalan,Spain,Male,Yes
5e9d5595a06479000822bb50,5e874ce2a6b352069eae0aa2,AWAITING REVIEW,2020-04-20 7:56:05,2020-04-20 8:26:00,1794.619,21,5,0,100,,34AE75B1,Spain,Spain,Unemployed (and job seeking),Spanish,Spain,Male,Yes
5e9d55957cf6b000094cf79b,5c671fb4d6c7500001a03501,AWAITING REVIEW,2020-04-20 7:56:05,2020-04-20 8:51:32,3326.705,31,70,0,100,,34AE75B1,Poland,Poland,Full-Time,Polish,Poland,Male,No
5e9d55979d628900081f2e4b,5cfbb39480fed30019301b72,AWAITING REVIEW,2020-04-20 7:56:08,2020-04-20 8:44:26,2898.427,29,129,3,99,,34AE75B1,Poland,Poland,Full-Time,Polish,Poland,Male,Yes
5e9d559873ed8c0008442b0c,57bf54d5a170cc000103ea70,AWAITING REVIEW,2020-04-20 7:59:15,2020-04-20 8:45:02,2747.111,26,57,1,100,,34AE75B1,Macao,United Kingdom,Full-Time,Chinese,Portugal,Female,Yes
5e9d5598bee0af000a14b94c,5c25315c2c45d4000148afec,AWAITING REVIEW,2020-04-20 7:56:13,2020-04-20 8:37:05,2452.186,40,212,3,99,,34AE75B1,United Kingdom,United Kingdom,Part-Time,English,United Kingdom,Female,No
5e9d5599602d79000bdde871,5dc082848531b10339bb55ac,AWAITING REVIEW,2020-04-20 7:56:09,2020-04-20 8:51:48,3339.053,20,55,0,100,,34AE75B1,Poland,Poland,Part-Time,Polish,Poland,Male,Yes
5e9d5599533d5e000c8ca55f,5dc9afa52b1e546c412adfba,AWAITING REVIEW,2020-04-20 7:56:09,2020-04-20 8:22:42,1592.94,28,176,1,100,,34AE75B1,United States,United States,Unemployed (and job seeking),English,United States,Male,No
5e9d559942f4180008bf45b8,5e78f6d6aa5afc4a32a50667,AWAITING REVIEW,2020-04-20 7:56:18,2020-04-20 8:26:37,1819.093,23,10,0,100,,34AE75B1,Brazil,Denmark,Part-Time,Portuguese,Brazil,Female,Yes
5e9d60f29eed030008ca0812,5aeacdc026e9c60001fbcfef,AWAITING REVIEW,2020-04-20 8:44:39,2020-04-20 9:07:15,1356.232,26,424,3,100,,34AE75B1,United Kingdom,United Kingdom,Full-Time,English,United Kingdom,Female,Yes
5e9d62ecb7a69c011c07c704,5db1bba0e20f58000b8717f6,AWAITING REVIEW,2020-04-20 8:58:32,2020-04-20 9:42:01,2608.981,23,75,0,100,,34AE75B1,Greece,Greece,Part-Time,Greek,Greece,Male,Yes
5e9d62f38c05470184709d3f,5c86c14fa5b23d0001046192,AWAITING REVIEW,2020-04-20 8:53:15,2020-04-20 9:27:16,2041.277,31,141,1,100,,34AE75B1,Sweden,Sweden,Part-Time,Swedish,Sweden,Male,No
5e9d62f316566d01d5e17ea8,5d3a286034acef001ceb73ac,AWAITING REVIEW,2020-04-20 8:53:11,2020-04-20 9:18:51,1539.409,22,21,0,100,,34AE75B1,Portugal,Portugal,Other,Portuguese,Portugal,Female,Yes
5e9d62f37cf6b0012ab52d7a,5e7df5b7e28dab48b27cee4c,AWAITING REVIEW,2020-04-20 8:53:09,2020-04-20 9:18:13,1503.987,35,8,0,100,,34AE75B1,Poland,Poland,Full-Time,Polish,Poland,Male,No
5e9d62f45c16f0011480dd37,5e209e63f814783b253a93ed,AWAITING REVIEW,2020-04-20 8:53:08,2020-04-20 9:36:01,2572.884,23,44,0,100,,34AE75B1,Italy,Italy,Part-Time,Italian,Italy,Female,Yes
5e9d62f4a6b90f01ce6bea93,5e23029c173db45c6e986f15,AWAITING REVIEW,2020-04-20 8:54:22,2020-04-20 9:29:51,2129.38,33,60,3,97,,34AE75B1,United Kingdom,United Kingdom,Full-Time,English,United Kingdom,Female,No
5e9d62f435314b0184256979,5dd2c07123f9f12cd4bc9431,AWAITING REVIEW,2020-04-20 8:53:09,2020-04-20 9:26:53,2024.764,30,86,0,100,,34AE75B1,United Kingdom,United Kingdom,Full-Time,English,New Zealand,Male,No
5e9d62f4926cd100081e36bb,587905adc34844000174ee45,AWAITING REVIEW,2020-04-20 8:53:09,2020-04-20 9:29:10,2161.193,33,600,9,99,,34AE75B1,Finland,Finland,Full-Time,Finnish,Finland,Male,Yes
5e9d62f586627201c75f49c4,5e41d817cfafb807ef94486a,AWAITING REVIEW,2020-04-20 8:53:09,2020-04-20 9:31:56,2327.214,21,45,0,100,,34AE75B1,United States,United States,Full-Time,English,United States,Female,Yes
5e9d62f53cfc6801238253cf,5e948aa20c949c2fff20eabf,AWAITING REVIEW,2020-04-20 8:54:47,2020-04-20 9:27:22,1955.056,18,4,0,100,,34AE75B1,Ireland,Ireland,Unemployed (and job seeking),English,Ireland,Male,Yes
5e9d62f5f91de6017e7bccff,5cae09506d573900175d4727,AWAITING REVIEW,2020-04-20 8:53:10,2020-04-20 9:16:40,1410.267,21,151,0,100,,34AE75B1,Portugal,Portugal,Part-Time,Portuguese,Portugal,Male,Yes
5e9d62f5202399018f679198,5d542c3a5af5900019bc80c4,AWAITING REVIEW,2020-04-20 8:53:13,2020-04-20 9:25:38,1945.049,45,214,0,100,,34AE75B1,United Kingdom,United Kingdom,Full-Time,English,United Kingdom,Female,No
5e9d62f91a09b40008186baa,5da8d37a56cd5d0015041924,AWAITING REVIEW,2020-04-20 8:53:17,2020-04-20 9:20:14,1617.018,35,83,1,100,,34AE75B1,United Kingdom,United Kingdom,Full-Time,English,United Kingdom,Female,No
5e9d62f99663980181e85c0d,5e3628fe1cdf265e0d75cdf2,AWAITING REVIEW,2020-04-20 8:53:28,2020-04-20 9:22:23,1734.962,25,12,0,100,,34AE75B1,Greece,Greece,Other,Greek,Greece,Female,Yes
5e9d62fa57d5dd01789aab31,5e3efe99b8a613000a60df84,AWAITING REVIEW,2020-04-20 8:53:14,2020-04-20 9:36:51,2616.594,37,26,0,100,,34AE75B1,United States,Poland,Full-Time,Polish,Poland,Male,No
5e9d6343d1571f0178ccb619,5d585a117d795e001588be0d,AWAITING REVIEW,2020-04-20 8:54:39,2020-04-20 9:36:46,2526.943,29,50,0,100,,34AE75B1,Poland,Poland,Full-Time,Polish,Poland,Male,No
5e9d657542f41801d3a843f6,5699cf0625d9e9000db0c789,AWAITING REVIEW,2020-04-20 9:03:49,2020-04-20 10:23:01,4751.999,56,1083,1,100,,34AE75B1,United States,United States,"Not in paid work (e.g. homemaker', 'retired or disabled)",English,United States,Female,No
5e9d6b9dff93cf029395ded1,5bd4944a72eb1f0001efb198,AWAITING REVIEW,2020-04-20 9:30:06,2020-04-20 10:04:54,2088.088,23,84,1,100,,34AE75B1,Israel,Israel,Other,Russian,Israel,Male,Yes
5e9d741043e2c002f92a34ea,5e72bed5f23ae1224a3879de,AWAITING REVIEW,2020-04-20 10:06:08,2020-04-20 10:47:17,2468.637,25,22,0,100,,34AE75B1,Poland,United Kingdom,Full-Time,Polish,Poland,Male,No
5e9d7411962b55034c43c41e,5d49517db30ae500195794cd,AWAITING REVIEW,2020-04-20 10:06:15,2020-04-20 10:46:25,2409.8,29,81,2,99,,34AE75B1,Pakistan,Luxembourg,Full-Time,Urdu,Pakistan,Male,Yes
5e9d741272afd403b75d2bea,5de8f79a41944102202bba86,AWAITING REVIEW,2020-04-20 10:06:11,2020-04-20 10:30:28,1457.093,26,41,2,96,,34AE75B1,Italy,Italy,Other,Italian,Italy,Female,Yes
5e9d741207933e02e392228c,5a64a97663394a0001556331,AWAITING REVIEW,2020-04-20 10:06:11,2020-04-20 10:52:27,2776.514,26,291,8,97,,34AE75B1,Italy,Italy,Unemployed (and job seeking),Italian,Italy,Male,No
5e9d7412df125903c6f273ca,5e46c5c94d1b6b000b905b2c,AWAITING REVIEW,2020-04-20 10:06:11,2020-04-20 10:54:20,2889.422,25,34,0,100,,34AE75B1,Spain,Spain,Unemployed (and job seeking),Spanish,Spain,Female,Yes
5e9d74139d628903aa2281ab,5e28912b5fc38506bbd1666c,AWAITING REVIEW,2020-04-20 10:06:11,2020-04-20 11:27:57,4905.999,49,77,1,100,,34AE75B1,United Kingdom,United Kingdom,"Not in paid work (e.g. homemaker', 'retired or disabled)",English,United Kingdom,Female,No
5e9d7416cc1b5803a3ee043d,5bf44a04d7e7a70001d7a672,AWAITING REVIEW,2020-04-20 10:06:28,2020-04-20 10:48:20,2512.466,27,301,0,100,,34AE75B1,United Kingdom,United Kingdom,Full-Time,English,United Kingdom,Female,No
5e9d7416a0647902f6632eeb,5e84c861c9e96307b7129b3f,AWAITING REVIEW,2020-04-20 10:06:14,2020-04-20 11:02:49,3394.498,20,5,0,100,,34AE75B1,Poland,Poland,Due to start a new job within the next month,Polish,Poland,Male,Yes
5e9d7416866272035f7b59af,5b6f0cfd5035e100019cc46e,AWAITING REVIEW,2020-04-20 10:06:22,2020-04-20 10:45:11,2329.04,33,275,0,100,,34AE75B1,Australia,Australia,"Not in paid work (e.g. homemaker, retired or disabled)",English,Australia,Female,No
5e9d7523ce8d7203ae7528a8,5e0006657adf4bc35427b051,AWAITING REVIEW,2020-04-20 10:10:44,2020-04-20 10:39:33,1728.809,36,65,1,100,,34AE75B1,Poland,United Kingdom,Full-Time,Polish,Poland,Female,No
5e9d75248f898d02f14b2572,5dce3d1403c2bf070671c87d,AWAITING REVIEW,2020-04-20 10:13:23,2020-04-20 10:54:51,2488.129,29,36,0,100,,34AE75B1,Italy,Italy,Full-Time,Italian,Italy,Female,No
5e9d798bdc3a19035697b680,5db974ac2f6766000d3fd03e,AWAITING REVIEW,2020-04-20 10:33:09,2020-04-20 11:34:44,3695.141,30,90,1,100,,34AE75B1,Hungary,Hungary,Full-Time,Hungarian,Hungary,Male,No
5e9da9e5d9428d0bd2c027a8,5e94baec22f87e0890a8b4bc,AWAITING REVIEW,2020-04-20 13:57:24,2020-04-20 14:23:07,1543.702,18,7,0,100,,34AE75B1,United States,United States,Unemployed (and job seeking),English,United States,Female,Yes
5e9da9ea9a804b0b94addd4e,5a86357bae9a0b0001a9f14e,AWAITING REVIEW,2020-04-20 13:55:59,2020-04-20 14:49:19,3199.887,41,502,3,100,,34AE75B1,United States,United States,Full-Time,English,United States,Male,No
5e9da9ea5597de0b5a05d3a4,5c7fc056efcd55001405a74d,AWAITING REVIEW,2020-04-20 13:55:56,2020-04-20 14:20:28,1471.951,24,43,0,100,,34AE75B1,Italy,Italy,Part-Time,Italian,Italy,Male,Yes
5e9da9ea32b4a20bda7aaf66,5e81b038c8977f000964e5b2,AWAITING REVIEW,2020-04-20 13:55:58,2020-04-20 14:37:12,2474.478,34,14,0,100,,34AE75B1,United Kingdom,,Full-Time,English,United Kingdom,Male,No
5e9da9ebce8d720b6b50c540,5dfd2bc3e297d5a1e28a4d62,AWAITING REVIEW,2020-04-20 13:55:58,2020-04-20 14:29:57,2039.529,21,78,0,100,,34AE75B1,United Kingdom,United Kingdom,Full-Time,English,United Kingdom,Male,No
5e9da9efd8d3330b38d923c4,5e167aa29195c6c5bd83b031,AWAITING REVIEW,2020-04-20 13:56:00,2020-04-20 14:23:26,1646.335,22,100,0,100,,34AE75B1,United States,United States,Part-Time,English,United States,Male,Yes
5e9dab39595cb10a6b5f4060,5b222aff59f9620001c109cb,AWAITING REVIEW,2020-04-20 14:01:29,2020-04-20 14:42:00,2430.595,27,479,3,100,,34AE75B1,Finland,Finland,Unemployed (and job seeking),Finnish,Finland,Male,No
5e9dac49b97f220b623d1bc6,5d920df12b679a00182bbc73,AWAITING REVIEW,2020-04-20 14:09:50,2020-04-20 14:43:28,2018.359,34,279,0,100,,34AE75B1,United Kingdom,United Kingdom,Full-Time,English,United Kingdom,Female,No
5e9dae3cae0ef00b4a51db07,5c87b4fc7e3a9f0016245fde,AWAITING REVIEW,2020-04-20 14:20:26,2020-04-20 14:52:32,1926.493,21,249,2,100,,34AE75B1,United Kingdom,United Kingdom,Part-Time,English,United Kingdom,Female,No
5e9db89b8ea28c0d6568926f,5da71ab67547d30017c1970d,AWAITING REVIEW,2020-04-20 14:58:36,2020-04-20 15:31:40,1984.183,33,72,2,98,,34AE75B1,Portugal,Poland,Full-Time,Portuguese,Portugal,Male,No
5e9dbc79df12590e6e97956e,5cd30b2041a6b8001874c41f,AWAITING REVIEW,2020-04-20 15:15:05,2020-04-20 15:54:19,2353.116,25,129,0,100,,34AE75B1,Greece,Greece,Unemployed (and job seeking),Greek,Greece,Female,No
5e9dbd3b3d93b10e34280690,5c388f181ede2b00011571f4,AWAITING REVIEW,2020-04-20 15:18:22,2020-04-20 15:45:19,1617.103,27,93,0,100,,34AE75B1,United Kingdom,United Kingdom,Full-Time,English,United Kingdom,Female,No
5e9dbd3b0fb1590ed13a9084,5e050c985cc380f86dbd26a7,AWAITING REVIEW,2020-04-20 15:18:31,2020-04-20 16:00:09,2498.05,25,26,0,100,,34AE75B1,Poland,Poland,Other,Polish,Poland,Female,Yes
5e9dbd3c2b48630ecb51b349,5e0fe41c15ef406fb0b04101,AWAITING REVIEW,2020-04-20 15:18:20,2020-04-20 15:55:33,2232.101,26,59,0,100,,34AE75B1,United Kingdom,United Kingdom,Full-Time,English,United Kingdom,Female,No
5e9dbd3c3fcda10e054449f1,5e9378c1facc7d6c21fa8310,AWAITING REVIEW,2020-04-20 15:18:21,2020-04-20 15:48:29,1808.184,24,5,0,100,,34AE75B1,Italy,Italy,Part-Time,Italian,Italy,Female,Yes
5e9dbd3d3b9df80d2adeb80e,5be7087a72aa7b00015545de,AWAITING REVIEW,2020-04-20 15:18:24,2020-04-20 15:53:02,2078.252,22,36,0,100,,34AE75B1,Lithuania,United Kingdom,Full-Time,Russian,Lithuania,Female,No
5e9dbd3e8f898d0e0cbc8dd0,5be1c4f8397d120001a01d76,AWAITING REVIEW,2020-04-20 15:18:22,2020-04-20 15:48:13,1791.042,22,178,4,98,,34AE75B1,Spain,Spain,Unemployed (and job seeking),Spanish,Spain,Male,Yes
5e9dbd401af35c0eebdfbef1,5d0902aabcfaa80001c207a6,AWAITING REVIEW,2020-04-20 15:18:25,2020-04-20 15:53:14,2089.579,27,207,1,100,,34AE75B1,United Kingdom,United Kingdom,Full-Time,English,United Kingdom,Female,Yes
5e9dbd4bdf12590e6e979573,580241d0279ffd000124e3e3,AWAITING REVIEW,2020-04-20 15:18:35,2020-04-20 15:43:36,1501.299,33,75,0,100,,34AE75B1,Portugal,Portugal,Other,Portuguese,Portugal,Female,No
5e9dc251d9f39c0f3502965a,5d6927928a415c00194dfb6f,AWAITING REVIEW,2020-04-20 15:40:01,2020-04-20 15:58:24,1102.367,25,195,3,98,,34AE75B1,United States,Canada,Full-Time,English,United States,Female,Yes